<?xml version="1.0" encoding="UTF-8"?>
<root>
    <doclet-version-NOT-library-version>1.02</doclet-version-NOT-library-version>
    <class>
        <name>com.leadbolt.b4a.LeadBoltB4A</name>
        <shortname>LeadBoltB4A</shortname>
        <comment>The main object that wraps the LeadBolt AdController</comment>
        <owner>activity</owner>
        <event>AdClicked</event>
        <event>AdClosed</event>
        <event>AdCompleted</event>
        <event>AdFailed</event>
        <event>AdLoaded</event>
        <event>AdProgress</event>
        <event>AdAlreadyCompleted</event>
        <event>AdPaused</event>
        <event>AdResumed</event>
        <event>AdCached</event>
        <event>AudioAdClicked</event>
        <event>AudioAdClosed</event>
        <event>AudioAdFinished</event>
        <event>AudioAdFailed</event>
        <event>AudioAdLoaded</event>
        <event>AudioAdProgress</event>
        <event>AudioAdCached</event>
        <permission>android.permission.INTERNET</permission>
        <permission>android.permission.ACCESS_NETWORK_STATE</permission>
        <permission>android.permission.READ_PHONE_STATE</permission>
        <permission>android.permission.ACCESS_COARSE_LOCATION</permission>
        <permission>android.permission.ACCESS_FINE_LOCATION</permission>
        <permission>android.permission.ACCESS_LOCATION_EXTRA_COMMANDS</permission>
        <permission>android.permission.RECEIVE_BOOT_COMPLETED</permission>
        <permission>android.permission.WAKE_LOCK</permission>
        <method>
            <name>Initialize</name>
            <comment></comment>
            <returntype>void</returntype>
            <parameter>
                <name>ba</name>
                <type>anywheresoftware.b4a.BA</type>
            </parameter>
            <parameter>
                <name>sectionid</name>
                <type>java.lang.String</type>
            </parameter>
        </method>
        <method>
            <name>loadAd</name>
            <comment></comment>
            <returntype>void</returntype>
        </method>
        <method>
            <name>loadAdToCache</name>
            <comment></comment>
            <returntype>void</returntype>
        </method>
        <method>
            <name>destroyAd</name>
            <comment></comment>
            <returntype>void</returntype>
        </method>
        <method>
            <name>pauseAd</name>
            <comment></comment>
            <returntype>void</returntype>
        </method>
        <method>
            <name>resumeAd</name>
            <comment></comment>
            <returntype>void</returntype>
        </method>
        <method>
            <name>setAdListener</name>
            <comment></comment>
            <returntype>void</returntype>
        </method>
        <method>
            <name>setAudioAdListener</name>
            <comment></comment>
            <returntype>void</returntype>
        </method>
        <method>
            <name>loadAudioAd</name>
            <comment></comment>
            <returntype>void</returntype>
        </method>
        <method>
            <name>loadAudioAdToCache</name>
            <comment></comment>
            <returntype>void</returntype>
        </method>
        <method>
            <name>loadAudioTrack</name>
            <comment></comment>
            <returntype>void</returntype>
            <parameter>
                <name>interval</name>
                <type>long</type>
            </parameter>
        </method>
        <method>
            <name>loadReEngagement</name>
            <comment></comment>
            <returntype>void</returntype>
        </method>
        <method>
            <name>loadStartAd</name>
            <comment></comment>
            <returntype>void</returntype>
            <parameter>
                <name>audioid</name>
                <type>java.lang.String</type>
            </parameter>
            <parameter>
                <name>reengagement</name>
                <type>java.lang.String</type>
            </parameter>
        </method>
    </class>
    <version>1.01</version>
</root>
